{"stats":{"minecraft:crafted":{"minecraft:oak_slab":6,"minecraft:oak_planks":80,"minecraft:wooden_shovel":1,"minecraft:cooked_porkchop":4,"minecraft:crafting_table":6,"minecraft:pink_bed":1,"minecraft:iron_helmet":1,"minecraft:wooden_pickaxe":2,"minecraft:iron_sword":1,"minecraft:furnace":1,"minecraft:bucket":1,"minecraft:birch_planks":72,"minecraft:stone_axe":1,"minecraft:pink_dye":4,"minecraft:oak_trapdoor":4,"minecraft:bread":21,"minecraft:cooked_mutton":4,"minecraft:air":0,"minecraft:iron_boots":1,"minecraft:iron_chestplate":1,"minecraft:pink_wool":3,"minecraft:shield":1,"minecraft:iron_axe":1,"minecraft:stick":48,"minecraft:iron_pickaxe":1,"minecraft:iron_ingot":34,"minecraft:stone_pickaxe":1,"minecraft:stone_sword":1,"minecraft:chest":2,"minecraft:iron_leggings":1,"minecraft:white_bed":1,"minecraft:torch":16},"minecraft:dropped":{"minecraft:stone_hoe":1,"minecraft:iron_ingot":1,"minecraft:iron_sword":1,"minecraft:stone_axe":1,"minecraft:stone_sword":1,"minecraft:crafting_table":3,"minecraft:tropical_fish":1,"minecraft:lily_of_the_valley":1,"minecraft:black_wool":2},"minecraft:broken":{"minecraft:wooden_shovel":1,"minecraft:wooden_pickaxe":1},"minecraft:picked_up":{"minecraft:birch_log":18,"minecraft:crafting_table":10,"minecraft:wheat":63,"minecraft:glow_ink_sac":6,"minecraft:clay_ball":4,"minecraft:andesite":1,"minecraft:leather":2,"minecraft:lead":2,"minecraft:wooden_pickaxe":1,"minecraft:birch_planks":24,"minecraft:flint":1,"minecraft:oak_log":39,"minecraft:yellow_bed":2,"minecraft:dirt":131,"minecraft:string":2,"minecraft:raw_copper":1,"minecraft:moss_carpet":1,"minecraft:cooked_mutton":1,"minecraft:beetroot":1,"minecraft:wheat_seeds":11,"minecraft:iron_ingot":3,"minecraft:light_gray_wool":1,"minecraft:oak_planks":1,"minecraft:moss_block":4,"minecraft:sugar_cane":2,"minecraft:iron_sword":1,"minecraft:stone_hoe":2,"minecraft:furnace":1,"minecraft:stick":4,"minecraft:raw_iron":40,"minecraft:composter":4,"minecraft:big_dripleaf":1,"minecraft:dandelion":1,"minecraft:gravel":17,"minecraft:porkchop":9,"minecraft:white_bed":5,"minecraft:carrot":8,"minecraft:lily_of_the_valley":2,"minecraft:stone_sword":1,"minecraft:rotten_flesh":5,"minecraft:beetroot_seeds":3,"minecraft:tropical_fish":1,"minecraft:stone_axe":1,"minecraft:peony":2,"minecraft:granite":1,"minecraft:bread":16,"minecraft:oak_sapling":2,"minecraft:black_wool":2,"minecraft:mutton":9,"minecraft:coal":14,"minecraft:oak_leaves":140,"minecraft:white_wool":5,"minecraft:cobblestone":39},"minecraft:used":{"minecraft:oak_trapdoor":4,"minecraft:cooked_mutton":5,"minecraft:water_bucket":7,"minecraft:stone_sword":28,"minecraft:stone_pickaxe":60,"minecraft:chest":2,"minecraft:shield":5,"minecraft:wooden_pickaxe":58,"minecraft:iron_sword":34,"minecraft:composter":3,"minecraft:wooden_shovel":71,"minecraft:stone_hoe":92,"minecraft:oak_leaves":104,"minecraft:dirt":11,"minecraft:mutton":2,"minecraft:oak_slab":2,"minecraft:crafting_table":13,"minecraft:white_bed":4,"minecraft:axolotl_bucket":3,"minecraft:bread":6,"minecraft:iron_axe":25,"minecraft:iron_pickaxe":17,"minecraft:gravel":6,"minecraft:stone_axe":2,"minecraft:pink_bed":1,"minecraft:furnace":2,"minecraft:cooked_porkchop":4,"minecraft:bucket":10,"minecraft:yellow_bed":2},"minecraft:mined":{"minecraft:white_bed":3,"minecraft:farmland":5,"minecraft:oak_door":1,"minecraft:lily_of_the_valley":1,"minecraft:clay":1,"minecraft:crafting_table":7,"minecraft:granite":1,"minecraft:short_grass":35,"minecraft:grass_block":88,"minecraft:tall_grass":4,"minecraft:oak_planks":1,"minecraft:composter":3,"minecraft:moss_block":4,"minecraft:sugar_cane":1,"minecraft:big_dripleaf":1,"minecraft:furnace":1,"minecraft:carrots":2,"minecraft:birch_log":18,"minecraft:iron_ore":40,"minecraft:birch_leaves":1,"minecraft:yellow_bed":1,"minecraft:peony":2,"minecraft:oak_log":20,"minecraft:coal_ore":10,"minecraft:beetroots":1,"minecraft:gravel":14,"minecraft:dirt":36,"minecraft:stone":40,"minecraft:oak_leaves":8},"minecraft:custom":{"minecraft:interact_with_furnace":30,"minecraft:mob_kills":15,"minecraft:interact_with_crafting_table":32,"minecraft:leave_game":2,"minecraft:time_since_death":79253,"minecraft:sleep_in_bed":4,"minecraft:time_since_rest":1297,"minecraft:sprint_one_cm":222054,"minecraft:damage_taken":785,"minecraft:walk_one_cm":228803,"minecraft:damage_blocked_by_shield":145,"minecraft:drop":11,"minecraft:damage_dealt":2471,"minecraft:talked_to_villager":1,"minecraft:swim_one_cm":15291,"minecraft:fly_one_cm":135747,"minecraft:player_kills":1,"minecraft:open_chest":8,"minecraft:crouch_one_cm":3696,"minecraft:play_time":79253,"minecraft:sneak_time":1711,"minecraft:walk_under_water_one_cm":10404,"minecraft:boat_one_cm":53477,"minecraft:jump":736,"minecraft:walk_on_water_one_cm":31567,"minecraft:total_world_time":79253,"minecraft:fall_one_cm":13820},"minecraft:killed":{"minecraft:pig":2,"minecraft:spider":2,"minecraft:sheep":7,"minecraft:trader_llama":2,"minecraft:zombie":1,"minecraft:glow_squid":1}},"DataVersion":3953}