{"stats":{"minecraft:crafted":{"minecraft:birch_planks":20,"minecraft:crafting_table":5},"minecraft:picked_up":{"minecraft:birch_log":7,"minecraft:sugar_cane":2},"minecraft:used":{"minecraft:crafting_table":5},"minecraft:mined":{"minecraft:short_grass":1,"minecraft:birch_log":7,"minecraft:birch_leaves":1,"minecraft:sugar_cane":1},"minecraft:custom":{"minecraft:time_since_rest":5948,"minecraft:play_time":5948,"minecraft:sprint_one_cm":12215,"minecraft:damage_taken":25,"minecraft:walk_one_cm":13267,"minecraft:sneak_time":12,"minecraft:walk_under_water_one_cm":325,"minecraft:jump":44,"minecraft:damage_dealt":120,"minecraft:time_since_death":5948,"minecraft:walk_on_water_one_cm":3184,"minecraft:total_world_time":5948,"minecraft:swim_one_cm":1833,"minecraft:interact_with_crafting_table":2,"minecraft:fall_one_cm":420,"minecraft:fly_one_cm":8834}},"DataVersion":3953}