{"stats":{"minecraft:killed_by":{"minecraft:player":1},"minecraft:crafted":{"minecraft:oak_planks":80,"minecraft:redstone":144,"minecraft:pink_bed":1,"minecraft:furnace":1,"minecraft:pink_dye":4,"minecraft:cooked_mutton":4,"minecraft:oak_trapdoor":4,"minecraft:glass":8,"minecraft:iron_boots":1,"minecraft:iron_axe":1,"minecraft:stone_pickaxe":1,"minecraft:chest":6,"minecraft:oak_slab":6,"minecraft:item_frame":1,"minecraft:wooden_shovel":1,"minecraft:cooked_porkchop":4,"minecraft:crafting_table":6,"minecraft:wooden_pickaxe":2,"minecraft:iron_helmet":1,"minecraft:iron_sword":1,"minecraft:bucket":1,"minecraft:birch_planks":72,"minecraft:stone_axe":1,"minecraft:bread":21,"minecraft:air":0,"minecraft:iron_chestplate":1,"minecraft:pink_wool":3,"minecraft:shield":1,"minecraft:stick":48,"minecraft:iron_ingot":34,"minecraft:iron_pickaxe":1,"minecraft:stone_sword":1,"minecraft:iron_leggings":1,"minecraft:white_bed":1,"minecraft:torch":16},"minecraft:used":{"minecraft:oak_trapdoor":4,"minecraft:stone_sword":28,"minecraft:chest":11,"minecraft:shield":6,"minecraft:iron_sword":120,"minecraft:wooden_shovel":71,"minecraft:stone_hoe":113,"minecraft:dirt":23,"minecraft:mutton":2,"minecraft:carrot":40,"minecraft:axolotl_bucket":4,"minecraft:glass":8,"minecraft:iron_axe":34,"minecraft:iron_boots":1,"minecraft:item_frame":1,"minecraft:furnace":3,"minecraft:enchanted_golden_apple":2,"minecraft:iron_leggings":1,"minecraft:cooked_mutton":5,"minecraft:water_bucket":10,"minecraft:stone_pickaxe":60,"minecraft:wooden_pickaxe":58,"minecraft:redstone_block":8,"minecraft:composter":5,"minecraft:oak_leaves":133,"minecraft:oak_slab":2,"minecraft:crafting_table":13,"minecraft:white_bed":4,"minecraft:bread":21,"minecraft:iron_pickaxe":31,"minecraft:gravel":6,"minecraft:stone_axe":2,"minecraft:pink_bed":1,"minecraft:cod_spawn_egg":75,"minecraft:cobblestone":1,"minecraft:cooked_porkchop":4,"minecraft:bucket":15,"minecraft:yellow_bed":2},"minecraft:killed":{"minecraft:spider":3,"minecraft:skeleton":1,"minecraft:chicken":1,"minecraft:pig":3,"minecraft:creeper":1,"minecraft:sheep":7,"minecraft:trader_llama":3,"minecraft:zombie":2,"minecraft:glow_squid":1},"minecraft:broken":{"minecraft:wooden_shovel":1,"minecraft:wooden_pickaxe":1},"minecraft:custom":{"minecraft:mob_kills":22,"minecraft:interact_with_crafting_table":40,"minecraft:leave_game":10,"minecraft:time_since_death":2146,"minecraft:sprint_one_cm":457983,"minecraft:walk_one_cm":426192,"minecraft:damage_blocked_by_shield":175,"minecraft:drop":47,"minecraft:damage_dealt_absorbed":13,"minecraft:talked_to_villager":6,"minecraft:play_time":158433,"minecraft:deaths":5,"minecraft:sneak_time":3952,"minecraft:walk_under_water_one_cm":18639,"minecraft:boat_one_cm":53477,"minecraft:jump":1729,"minecraft:walk_on_water_one_cm":50057,"minecraft:total_world_time":158433,"minecraft:interact_with_furnace":41,"minecraft:sleep_in_bed":14,"minecraft:time_since_rest":2204,"minecraft:damage_taken":1606,"minecraft:damage_dealt":4731,"minecraft:player_kills":4,"minecraft:swim_one_cm":30361,"minecraft:fly_one_cm":404861,"minecraft:open_chest":42,"minecraft:crouch_one_cm":10007,"minecraft:fall_one_cm":34944},"minecraft:dropped":{"minecraft:stone_hoe":2,"minecraft:water_bucket":1,"minecraft:iron_ingot":6,"minecraft:acacia_boat":10,"minecraft:iron_sword":1,"minecraft:wheat_seeds":3,"minecraft:crafting_table":3,"minecraft:cobblestone":1,"minecraft:tropical_fish":1,"minecraft:yellow_carpet":1,"minecraft:dirt":2,"minecraft:iron_leggings":1,"minecraft:sunflower":1,"minecraft:dandelion":2,"minecraft:stone_axe":1,"minecraft:stone_sword":1,"minecraft:raw_copper":1,"minecraft:composter":1,"minecraft:stone_shovel":1,"minecraft:rotten_flesh":2,"minecraft:white_carpet":1,"minecraft:lily_of_the_valley":2,"minecraft:poppy":1,"minecraft:cod_spawn_egg":225,"minecraft:andesite":1,"minecraft:bow":1,"minecraft:black_wool":2},"minecraft:picked_up":{"minecraft:iron_chestplate":2,"minecraft:crafting_table":10,"minecraft:wheat":67,"minecraft:redstone_block":8,"minecraft:clay_ball":4,"minecraft:lead":10,"minecraft:wooden_pickaxe":1,"minecraft:shield":5,"minecraft:string":4,"minecraft:moss_carpet":1,"minecraft:raw_copper":2,"minecraft:iron_axe":4,"minecraft:iron_leggings":9,"minecraft:compass":1,"minecraft:white_carpet":1,"minecraft:beetroot":3,"minecraft:bucket":6,"minecraft:light_gray_wool":1,"minecraft:iron_pickaxe":5,"minecraft:poppy":1,"minecraft:enchanted_golden_apple":63,"minecraft:sugar_cane":285,"minecraft:chest":4,"minecraft:furnace":1,"minecraft:iron_boots":5,"minecraft:stick":12,"minecraft:raw_iron":40,"minecraft:composter":7,"minecraft:big_dripleaf":1,"minecraft:porkchop":9,"minecraft:carrot":52,"minecraft:stone_sword":1,"minecraft:arrow":15,"minecraft:rotten_flesh":13,"minecraft:stone_shovel":1,"minecraft:tropical_fish":1,"minecraft:beetroot_seeds":11,"minecraft:peony":2,"minecraft:mutton":11,"minecraft:cod":95,"minecraft:white_wool":5,"minecraft:cobblestone":51,"minecraft:birch_log":18,"minecraft:water_bucket":1,"minecraft:glow_ink_sac":6,"minecraft:andesite":2,"minecraft:cod_spawn_egg":225,"minecraft:leather":7,"minecraft:birch_planks":24,"minecraft:flint":1,"minecraft:oak_log":39,"minecraft:yellow_bed":2,"minecraft:gunpowder":2,"minecraft:dirt":400,"minecraft:cooked_mutton":1,"minecraft:bow":1,"minecraft:wheat_seeds":61,"minecraft:stone_pickaxe":8,"minecraft:iron_ingot":67,"minecraft:moss_block":4,"minecraft:iron_sword":5,"minecraft:stone_hoe":6,"minecraft:oak_planks":147,"minecraft:dandelion":7,"minecraft:lava_bucket":1,"minecraft:gravel":17,"minecraft:sand":21,"minecraft:white_bed":14,"minecraft:lily_of_the_valley":3,"minecraft:spider_eye":1,"minecraft:yellow_carpet":1,"minecraft:stone_axe":1,"minecraft:iron_helmet":4,"minecraft:granite":1,"minecraft:bone_meal":15,"minecraft:bread":405,"minecraft:oak_sapling":2,"minecraft:black_wool":2,"minecraft:coal":14,"minecraft:oak_leaves":170,"minecraft:sunflower":3},"minecraft:mined":{"minecraft:white_bed":3,"minecraft:farmland":5,"minecraft:oak_door":1,"minecraft:granite":1,"minecraft:grass_block":99,"minecraft:moss_block":4,"minecraft:composter":5,"minecraft:spawner":1,"minecraft:furnace":1,"minecraft:carrots":13,"minecraft:iron_ore":40,"minecraft:peony":2,"minecraft:stone":40,"minecraft:redstone_block":8,"minecraft:glass_pane":1,"minecraft:lily_of_the_valley":1,"minecraft:dandelion":2,"minecraft:clay":1,"minecraft:crafting_table":7,"minecraft:short_grass":76,"minecraft:chest":4,"minecraft:tall_grass":5,"minecraft:glass":4,"minecraft:cobblestone":4,"minecraft:oak_planks":5,"minecraft:sugar_cane":12,"minecraft:big_dripleaf":1,"minecraft:birch_log":18,"minecraft:wheat":2,"minecraft:birch_leaves":1,"minecraft:yellow_bed":1,"minecraft:oak_log":20,"minecraft:coal_ore":10,"minecraft:beetroots":2,"minecraft:gravel":14,"minecraft:sand":21,"minecraft:dirt":49,"minecraft:oak_leaves":15}},"DataVersion":3953}