{"stats":{"minecraft:crafted":{"minecraft:cooked_porkchop":4,"minecraft:crafting_table":6,"minecraft:pink_bed":1,"minecraft:iron_helmet":1,"minecraft:wooden_pickaxe":2,"minecraft:iron_sword":1,"minecraft:furnace":1,"minecraft:bucket":1,"minecraft:birch_planks":72,"minecraft:stone_axe":1,"minecraft:pink_dye":4,"minecraft:cooked_mutton":4,"minecraft:air":0,"minecraft:iron_boots":1,"minecraft:iron_chestplate":1,"minecraft:pink_wool":3,"minecraft:shield":1,"minecraft:iron_axe":1,"minecraft:stick":48,"minecraft:iron_pickaxe":1,"minecraft:iron_ingot":34,"minecraft:stone_pickaxe":1,"minecraft:stone_sword":1,"minecraft:iron_leggings":1,"minecraft:white_bed":1,"minecraft:torch":16},"minecraft:dropped":{"minecraft:iron_ingot":1,"minecraft:stone_axe":1,"minecraft:stone_sword":1,"minecraft:crafting_table":3},"minecraft:broken":{"minecraft:wooden_pickaxe":1},"minecraft:picked_up":{"minecraft:birch_log":18,"minecraft:crafting_table":10,"minecraft:glow_ink_sac":6,"minecraft:clay_ball":4,"minecraft:wooden_pickaxe":1,"minecraft:birch_planks":23,"minecraft:flint":1,"minecraft:dirt":7,"minecraft:string":2,"minecraft:moss_carpet":1,"minecraft:cooked_mutton":1,"minecraft:wheat_seeds":2,"minecraft:iron_ingot":3,"minecraft:light_gray_wool":1,"minecraft:moss_block":4,"minecraft:sugar_cane":2,"minecraft:furnace":1,"minecraft:raw_iron":40,"minecraft:big_dripleaf":1,"minecraft:gravel":17,"minecraft:porkchop":4,"minecraft:white_bed":2,"minecraft:lily_of_the_valley":1,"minecraft:stone_sword":1,"minecraft:rotten_flesh":5,"minecraft:tropical_fish":1,"minecraft:stone_axe":1,"minecraft:peony":2,"minecraft:granite":1,"minecraft:mutton":7,"minecraft:coal":14,"minecraft:white_wool":5,"minecraft:cobblestone":39},"minecraft:used":{"minecraft:cooked_mutton":5,"minecraft:water_bucket":1,"minecraft:stone_sword":28,"minecraft:stone_pickaxe":60,"minecraft:shield":5,"minecraft:wooden_pickaxe":58,"minecraft:iron_sword":2,"minecraft:dirt":1,"minecraft:mutton":2,"minecraft:crafting_table":12,"minecraft:white_bed":2,"minecraft:axolotl_bucket":1,"minecraft:iron_axe":1,"minecraft:iron_pickaxe":16,"minecraft:gravel":6,"minecraft:stone_axe":2,"minecraft:pink_bed":1,"minecraft:furnace":2,"minecraft:cooked_porkchop":4,"minecraft:bucket":3},"minecraft:mined":{"minecraft:white_bed":2,"minecraft:lily_of_the_valley":1,"minecraft:clay":1,"minecraft:crafting_table":7,"minecraft:granite":1,"minecraft:short_grass":10,"minecraft:grass_block":2,"minecraft:moss_block":4,"minecraft:sugar_cane":1,"minecraft:big_dripleaf":1,"minecraft:furnace":1,"minecraft:birch_log":18,"minecraft:iron_ore":40,"minecraft:birch_leaves":1,"minecraft:peony":2,"minecraft:coal_ore":10,"minecraft:gravel":14,"minecraft:dirt":3,"minecraft:stone":40},"minecraft:custom":{"minecraft:interact_with_furnace":30,"minecraft:mob_kills":10,"minecraft:interact_with_crafting_table":24,"minecraft:leave_game":2,"minecraft:time_since_death":43253,"minecraft:sleep_in_bed":1,"minecraft:time_since_rest":27698,"minecraft:sprint_one_cm":86387,"minecraft:damage_taken":777,"minecraft:walk_one_cm":90251,"minecraft:damage_blocked_by_shield":145,"minecraft:drop":5,"minecraft:damage_dealt":1800,"minecraft:swim_one_cm":11128,"minecraft:fly_one_cm":38435,"minecraft:player_kills":1,"minecraft:crouch_one_cm":1064,"minecraft:play_time":43253,"minecraft:sneak_time":571,"minecraft:walk_under_water_one_cm":10388,"minecraft:boat_one_cm":18605,"minecraft:jump":284,"minecraft:walk_on_water_one_cm":26006,"minecraft:total_world_time":43253,"minecraft:fall_one_cm":5828},"minecraft:killed":{"minecraft:spider":2,"minecraft:sheep":6,"minecraft:zombie":1,"minecraft:glow_squid":1}},"DataVersion":3953}