{"stats":{"minecraft:crafted":{"minecraft:oak_planks":80,"minecraft:redstone":144,"minecraft:pink_bed":1,"minecraft:furnace":1,"minecraft:pink_dye":4,"minecraft:cooked_mutton":4,"minecraft:oak_trapdoor":4,"minecraft:glass":8,"minecraft:iron_boots":1,"minecraft:iron_axe":1,"minecraft:stone_pickaxe":1,"minecraft:chest":6,"minecraft:oak_slab":6,"minecraft:item_frame":1,"minecraft:wooden_shovel":1,"minecraft:cooked_porkchop":4,"minecraft:crafting_table":6,"minecraft:wooden_pickaxe":2,"minecraft:iron_helmet":1,"minecraft:iron_sword":1,"minecraft:bucket":1,"minecraft:birch_planks":72,"minecraft:stone_axe":1,"minecraft:bread":21,"minecraft:air":0,"minecraft:iron_chestplate":1,"minecraft:pink_wool":3,"minecraft:shield":1,"minecraft:stick":48,"minecraft:iron_ingot":34,"minecraft:iron_pickaxe":1,"minecraft:stone_sword":1,"minecraft:iron_leggings":1,"minecraft:white_bed":1,"minecraft:torch":16},"minecraft:used":{"minecraft:oak_trapdoor":4,"minecraft:stone_sword":28,"minecraft:chest":11,"minecraft:shield":6,"minecraft:iron_sword":102,"minecraft:wooden_shovel":71,"minecraft:stone_hoe":113,"minecraft:dirt":19,"minecraft:mutton":2,"minecraft:carrot":40,"minecraft:axolotl_bucket":4,"minecraft:glass":8,"minecraft:iron_axe":31,"minecraft:item_frame":1,"minecraft:furnace":3,"minecraft:cooked_mutton":5,"minecraft:water_bucket":10,"minecraft:stone_pickaxe":60,"minecraft:wooden_pickaxe":58,"minecraft:redstone_block":8,"minecraft:composter":5,"minecraft:oak_leaves":133,"minecraft:oak_slab":2,"minecraft:crafting_table":13,"minecraft:white_bed":4,"minecraft:bread":18,"minecraft:iron_pickaxe":28,"minecraft:gravel":6,"minecraft:stone_axe":2,"minecraft:pink_bed":1,"minecraft:cod_spawn_egg":75,"minecraft:cobblestone":1,"minecraft:cooked_porkchop":4,"minecraft:bucket":15,"minecraft:yellow_bed":2},"minecraft:killed":{"minecraft:spider":3,"minecraft:skeleton":1,"minecraft:chicken":1,"minecraft:pig":2,"minecraft:sheep":7,"minecraft:trader_llama":3,"minecraft:zombie":2,"minecraft:glow_squid":1},"minecraft:broken":{"minecraft:wooden_shovel":1,"minecraft:wooden_pickaxe":1},"minecraft:custom":{"minecraft:mob_kills":20,"minecraft:interact_with_crafting_table":37,"minecraft:leave_game":7,"minecraft:time_since_death":27160,"minecraft:sprint_one_cm":407954,"minecraft:walk_one_cm":398989,"minecraft:damage_blocked_by_shield":175,"minecraft:drop":39,"minecraft:talked_to_villager":6,"minecraft:play_time":145158,"minecraft:deaths":2,"minecraft:sneak_time":3757,"minecraft:walk_under_water_one_cm":18268,"minecraft:boat_one_cm":53477,"minecraft:jump":1503,"minecraft:walk_on_water_one_cm":46998,"minecraft:total_world_time":145158,"minecraft:interact_with_furnace":39,"minecraft:sleep_in_bed":9,"minecraft:time_since_rest":10229,"minecraft:damage_taken":1133,"minecraft:damage_dealt":4026,"minecraft:player_kills":3,"minecraft:swim_one_cm":30361,"minecraft:fly_one_cm":352740,"minecraft:open_chest":31,"minecraft:crouch_one_cm":9576,"minecraft:fall_one_cm":29749},"minecraft:dropped":{"minecraft:stone_hoe":2,"minecraft:water_bucket":1,"minecraft:iron_ingot":6,"minecraft:acacia_boat":10,"minecraft:iron_sword":1,"minecraft:crafting_table":3,"minecraft:cobblestone":1,"minecraft:tropical_fish":1,"minecraft:dirt":1,"minecraft:stone_axe":1,"minecraft:stone_sword":1,"minecraft:raw_copper":1,"minecraft:composter":1,"minecraft:stone_shovel":1,"minecraft:lily_of_the_valley":2,"minecraft:poppy":1,"minecraft:cod_spawn_egg":225,"minecraft:andesite":1,"minecraft:bow":1,"minecraft:black_wool":2},"minecraft:picked_up":{"minecraft:iron_chestplate":2,"minecraft:crafting_table":10,"minecraft:wheat":67,"minecraft:redstone_block":8,"minecraft:clay_ball":4,"minecraft:lead":6,"minecraft:wooden_pickaxe":1,"minecraft:shield":3,"minecraft:string":4,"minecraft:raw_copper":2,"minecraft:moss_carpet":1,"minecraft:iron_axe":2,"minecraft:iron_leggings":3,"minecraft:white_carpet":1,"minecraft:compass":1,"minecraft:beetroot":3,"minecraft:bucket":2,"minecraft:light_gray_wool":1,"minecraft:iron_pickaxe":2,"minecraft:poppy":1,"minecraft:sugar_cane":93,"minecraft:chest":4,"minecraft:iron_boots":2,"minecraft:furnace":1,"minecraft:stick":12,"minecraft:raw_iron":40,"minecraft:composter":7,"minecraft:big_dripleaf":1,"minecraft:porkchop":9,"minecraft:carrot":44,"minecraft:stone_sword":1,"minecraft:arrow":7,"minecraft:stone_shovel":1,"minecraft:rotten_flesh":7,"minecraft:tropical_fish":1,"minecraft:beetroot_seeds":11,"minecraft:peony":2,"minecraft:mutton":11,"minecraft:cod":95,"minecraft:white_wool":5,"minecraft:cobblestone":43,"minecraft:birch_log":18,"minecraft:glow_ink_sac":6,"minecraft:andesite":2,"minecraft:cod_spawn_egg":225,"minecraft:leather":7,"minecraft:birch_planks":24,"minecraft:flint":1,"minecraft:oak_log":39,"minecraft:yellow_bed":2,"minecraft:dirt":396,"minecraft:cooked_mutton":1,"minecraft:bow":1,"minecraft:wheat_seeds":48,"minecraft:stone_pickaxe":5,"minecraft:iron_ingot":8,"minecraft:moss_block":4,"minecraft:iron_sword":3,"minecraft:stone_hoe":3,"minecraft:oak_planks":93,"minecraft:dandelion":1,"minecraft:gravel":17,"minecraft:sand":21,"minecraft:white_bed":9,"minecraft:lily_of_the_valley":3,"minecraft:spider_eye":1,"minecraft:yellow_carpet":1,"minecraft:stone_axe":1,"minecraft:iron_helmet":2,"minecraft:granite":1,"minecraft:bone_meal":6,"minecraft:bread":191,"minecraft:oak_sapling":2,"minecraft:black_wool":2,"minecraft:coal":14,"minecraft:oak_leaves":170,"minecraft:sunflower":1},"minecraft:mined":{"minecraft:white_bed":3,"minecraft:farmland":5,"minecraft:oak_door":1,"minecraft:granite":1,"minecraft:grass_block":96,"minecraft:composter":5,"minecraft:moss_block":4,"minecraft:spawner":1,"minecraft:furnace":1,"minecraft:carrots":13,"minecraft:iron_ore":40,"minecraft:peony":2,"minecraft:stone":40,"minecraft:redstone_block":8,"minecraft:glass_pane":1,"minecraft:lily_of_the_valley":1,"minecraft:clay":1,"minecraft:crafting_table":7,"minecraft:short_grass":51,"minecraft:chest":4,"minecraft:glass":4,"minecraft:tall_grass":5,"minecraft:cobblestone":1,"minecraft:oak_planks":5,"minecraft:sugar_cane":12,"minecraft:big_dripleaf":1,"minecraft:birch_log":18,"minecraft:wheat":2,"minecraft:birch_leaves":1,"minecraft:yellow_bed":1,"minecraft:oak_log":20,"minecraft:coal_ore":10,"minecraft:beetroots":2,"minecraft:gravel":14,"minecraft:sand":21,"minecraft:dirt":48,"minecraft:oak_leaves":14}},"DataVersion":3953}