{"stats":{"minecraft:crafted":{"minecraft:pink_wool":3,"minecraft:crafting_table":5,"minecraft:stick":48,"minecraft:pink_bed":1,"minecraft:wooden_pickaxe":2,"minecraft:stone_pickaxe":1,"minecraft:stone_sword":1,"minecraft:furnace":1,"minecraft:white_bed":1,"minecraft:birch_planks":72,"minecraft:stone_axe":1,"minecraft:pink_dye":4,"minecraft:air":0,"minecraft:cooked_mutton":4},"minecraft:dropped":{"minecraft:stone_axe":1,"minecraft:stone_sword":1,"minecraft:crafting_table":3},"minecraft:broken":{"minecraft:wooden_pickaxe":1},"minecraft:picked_up":{"minecraft:birch_log":18,"minecraft:raw_iron":4,"minecraft:crafting_table":9,"minecraft:birch_planks":12,"minecraft:gravel":17,"minecraft:porkchop":4,"minecraft:flint":1,"minecraft:string":2,"minecraft:white_bed":2,"minecraft:lily_of_the_valley":1,"minecraft:dirt":7,"minecraft:cooked_mutton":1,"minecraft:stone_sword":1,"minecraft:rotten_flesh":5,"minecraft:peony":2,"minecraft:stone_axe":1,"minecraft:wheat_seeds":2,"minecraft:light_gray_wool":1,"minecraft:sugar_cane":2,"minecraft:mutton":7,"minecraft:coal":3,"minecraft:white_wool":5,"minecraft:cobblestone":25,"minecraft:furnace":1},"minecraft:used":{"minecraft:cooked_mutton":4,"minecraft:stone_sword":21,"minecraft:stone_pickaxe":10,"minecraft:wooden_pickaxe":58,"minecraft:gravel":6,"minecraft:stone_axe":2,"minecraft:pink_bed":1,"minecraft:mutton":2,"minecraft:crafting_table":10,"minecraft:furnace":1,"minecraft:white_bed":2},"minecraft:mined":{"minecraft:white_bed":2,"minecraft:furnace":1,"minecraft:iron_ore":4,"minecraft:birch_log":18,"minecraft:lily_of_the_valley":1,"minecraft:birch_leaves":1,"minecraft:peony":2,"minecraft:crafting_table":6,"minecraft:short_grass":10,"minecraft:grass_block":2,"minecraft:coal_ore":3,"minecraft:gravel":14,"minecraft:dirt":3,"minecraft:stone":24,"minecraft:sugar_cane":1},"minecraft:custom":{"minecraft:time_since_rest":9732,"minecraft:interact_with_furnace":3,"minecraft:sprint_one_cm":74161,"minecraft:damage_taken":401,"minecraft:walk_one_cm":77836,"minecraft:mob_kills":8,"minecraft:drop":4,"minecraft:damage_dealt":1485,"minecraft:interact_with_crafting_table":11,"minecraft:swim_one_cm":6625,"minecraft:fly_one_cm":30393,"minecraft:player_kills":1,"minecraft:crouch_one_cm":1055,"minecraft:play_time":25287,"minecraft:sneak_time":510,"minecraft:walk_under_water_one_cm":2581,"minecraft:jump":208,"minecraft:leave_game":2,"minecraft:walk_on_water_one_cm":8311,"minecraft:time_since_death":25287,"minecraft:sleep_in_bed":1,"minecraft:total_world_time":25287,"minecraft:fall_one_cm":2187},"minecraft:killed":{"minecraft:sheep":6,"minecraft:zombie":1,"minecraft:spider":1}},"DataVersion":3953}