{"stats":{"minecraft:crafted":{"minecraft:pink_wool":3,"minecraft:crafting_table":5,"minecraft:pink_bed":1,"minecraft:stick":48,"minecraft:wooden_pickaxe":2,"minecraft:white_bed":1,"minecraft:birch_planks":72,"minecraft:pink_dye":4},"minecraft:broken":{"minecraft:wooden_pickaxe":1},"minecraft:picked_up":{"minecraft:birch_log":18,"minecraft:crafting_table":5,"minecraft:gravel":17,"minecraft:porkchop":4,"minecraft:flint":1,"minecraft:white_bed":2,"minecraft:lily_of_the_valley":1,"minecraft:dirt":7,"minecraft:rotten_flesh":2,"minecraft:peony":2,"minecraft:wheat_seeds":2,"minecraft:light_gray_wool":1,"minecraft:sugar_cane":2,"minecraft:mutton":7,"minecraft:white_wool":5,"minecraft:cobblestone":6},"minecraft:used":{"minecraft:wooden_pickaxe":42,"minecraft:gravel":6,"minecraft:pink_bed":1,"minecraft:mutton":2,"minecraft:crafting_table":9,"minecraft:white_bed":2},"minecraft:mined":{"minecraft:white_bed":2,"minecraft:birch_log":18,"minecraft:lily_of_the_valley":1,"minecraft:birch_leaves":1,"minecraft:peony":2,"minecraft:crafting_table":4,"minecraft:short_grass":10,"minecraft:grass_block":2,"minecraft:gravel":14,"minecraft:dirt":3,"minecraft:stone":7,"minecraft:sugar_cane":1},"minecraft:custom":{"minecraft:time_since_rest":2393,"minecraft:sprint_one_cm":49906,"minecraft:damage_taken":126,"minecraft:walk_one_cm":64927,"minecraft:mob_kills":6,"minecraft:damage_dealt":887,"minecraft:fly_one_cm":17599,"minecraft:interact_with_crafting_table":8,"minecraft:swim_one_cm":6625,"minecraft:player_kills":1,"minecraft:play_time":17948,"minecraft:sneak_time":12,"minecraft:walk_under_water_one_cm":2402,"minecraft:jump":136,"minecraft:walk_on_water_one_cm":4642,"minecraft:time_since_death":17948,"minecraft:sleep_in_bed":1,"minecraft:total_world_time":17948,"minecraft:fall_one_cm":1167},"minecraft:killed":{"minecraft:sheep":6}},"DataVersion":3953}