{"stats":{"minecraft:crafted":{"minecraft:oak_planks":44,"minecraft:stone_shovel":1,"minecraft:crafting_table":1,"minecraft:wooden_pickaxe":1,"minecraft:birch_boat":1,"minecraft:birch_planks":72,"minecraft:stone_axe":1,"minecraft:bread":138,"minecraft:shield":1,"minecraft:stick":20,"minecraft:stone_pickaxe":1,"minecraft:stone_sword":1,"minecraft:chest":1,"minecraft:torch":12,"minecraft:stone_hoe":2,"minecraft:shears":1,"minecraft:wheat":576},"minecraft:dropped":{"minecraft:stone_hoe":1,"minecraft:iron_ingot":3,"minecraft:bread":16,"minecraft:stone_axe":2,"minecraft:compass":1,"minecraft:birch_planks":12,"minecraft:wheat_seeds":1,"minecraft:stone_sword":1,"minecraft:raw_copper":1,"minecraft:wheat":63,"minecraft:composter":2,"minecraft:white_bed":2,"minecraft:coal":5,"minecraft:lily_of_the_valley":1,"minecraft:shield":1,"minecraft:andesite":1,"minecraft:yellow_bed":1,"minecraft:wooden_pickaxe":1,"minecraft:oak_leaves":140,"minecraft:white_wool":1},"minecraft:picked_up":{"minecraft:birch_log":18,"minecraft:crafting_table":10,"minecraft:andesite":5,"minecraft:wooden_pickaxe":1,"minecraft:birch_planks":26,"minecraft:oak_log":20,"minecraft:yellow_bed":1,"minecraft:shield":2,"minecraft:dirt":40,"minecraft:raw_copper":2,"minecraft:compass":2,"minecraft:bow":2,"minecraft:wheat_seeds":2,"minecraft:iron_ingot":12,"minecraft:stone_pickaxe":2,"minecraft:oak_planks":9,"minecraft:poppy":2,"minecraft:chest":2,"minecraft:sugar_cane":14,"minecraft:birch_sapling":1,"minecraft:stone_hoe":2,"minecraft:furnace":2,"minecraft:pink_bed":3,"minecraft:stick":8,"minecraft:birch_boat":4,"minecraft:composter":2,"minecraft:torch":6,"minecraft:gravel":2,"minecraft:porkchop":4,"minecraft:white_bed":3,"minecraft:lily_of_the_valley":1,"minecraft:stone_sword":3,"minecraft:arrow":2,"minecraft:rotten_flesh":4,"minecraft:stone_shovel":2,"minecraft:tropical_fish":2,"minecraft:stone_axe":4,"minecraft:shears":1,"minecraft:hay_block":64,"minecraft:granite":7,"minecraft:bread":63,"minecraft:oak_sapling":7,"minecraft:black_wool":1,"minecraft:coal":14,"minecraft:oak_leaves":280,"minecraft:white_wool":1,"minecraft:cobblestone":48},"minecraft:used":{"minecraft:stone_sword":36,"minecraft:stone_shovel":39,"minecraft:stone_pickaxe":38,"minecraft:oak_planks":26,"minecraft:chest":2,"minecraft:wooden_pickaxe":24,"minecraft:birch_boat":4,"minecraft:stone_hoe":73,"minecraft:torch":9,"minecraft:dirt":22,"minecraft:crafting_table":6,"minecraft:allay_spawn_egg":1,"minecraft:shears":140,"minecraft:granite":3,"minecraft:bread":8,"minecraft:birch_sapling":1,"minecraft:gravel":2,"minecraft:stone_axe":53,"minecraft:pink_bed":3,"minecraft:cobblestone":3,"minecraft:oak_sapling":7,"minecraft:andesite":2},"minecraft:mined":{"minecraft:white_bed":3,"minecraft:glass_pane":2,"minecraft:pink_bed":3,"minecraft:crafting_table":7,"minecraft:torch":1,"minecraft:granite":4,"minecraft:short_grass":14,"minecraft:grass_block":19,"minecraft:poppy":1,"minecraft:chest":2,"minecraft:cobblestone":4,"minecraft:composter":1,"minecraft:oak_planks":9,"minecraft:sugar_cane":4,"minecraft:wall_torch":1,"minecraft:hay_block":64,"minecraft:furnace":1,"minecraft:birch_log":18,"minecraft:wheat":1,"minecraft:andesite":3,"minecraft:yellow_bed":1,"minecraft:dirt_path":3,"minecraft:oak_log":11,"minecraft:coal_ore":8,"minecraft:gravel":6,"minecraft:dirt":25,"minecraft:stone":27,"minecraft:oak_leaves":145},"minecraft:custom":{"minecraft:interact_with_furnace":2,"minecraft:mob_kills":7,"minecraft:interact_with_crafting_table":14,"minecraft:bell_ring":5,"minecraft:time_since_death":19057,"minecraft:sleep_in_bed":4,"minecraft:time_since_rest":1062,"minecraft:sprint_one_cm":76459,"minecraft:damage_taken":1084,"minecraft:walk_one_cm":217224,"minecraft:drop":25,"minecraft:damage_dealt":2097,"minecraft:swim_one_cm":3606,"minecraft:talked_to_villager":6,"minecraft:fly_one_cm":98755,"minecraft:open_chest":9,"minecraft:crouch_one_cm":797,"minecraft:play_time":77982,"minecraft:deaths":4,"minecraft:sneak_time":503,"minecraft:walk_under_water_one_cm":7999,"minecraft:boat_one_cm":138336,"minecraft:jump":683,"minecraft:walk_on_water_one_cm":11776,"minecraft:total_world_time":77982,"minecraft:fall_one_cm":10812},"minecraft:killed_by":{"minecraft:player":1,"minecraft:skeleton":1,"minecraft:iron_golem":1},"minecraft:killed":{"minecraft:pig":2,"minecraft:iron_golem":1,"minecraft:skeleton":1,"minecraft:zombie":1,"minecraft:villager":1}},"DataVersion":3953}