{"stats":{"minecraft:killed_by":{"minecraft:player":4,"minecraft:iron_golem":1,"minecraft:skeleton":2},"minecraft:crafted":{"minecraft:oak_planks":44,"minecraft:stone_shovel":7,"minecraft:birch_boat":1,"minecraft:iron_boots":1,"minecraft:stone_pickaxe":4,"minecraft:chest":1,"minecraft:stone_hoe":2,"minecraft:wheat":576,"minecraft:crafting_table":1,"minecraft:wooden_pickaxe":1,"minecraft:iron_helmet":1,"minecraft:bucket":3,"minecraft:birch_planks":72,"minecraft:stone_axe":1,"minecraft:bread":138,"minecraft:shield":1,"minecraft:stick":32,"minecraft:stone_sword":1,"minecraft:iron_shovel":1,"minecraft:iron_leggings":1,"minecraft:torch":12,"minecraft:shears":1},"minecraft:used":{"minecraft:trident":1,"minecraft:stone_sword":36,"minecraft:stone_shovel":96,"minecraft:chest":2,"minecraft:iron_sword":31,"minecraft:stone_hoe":82,"minecraft:torch":9,"minecraft:dirt":49,"minecraft:white_carpet":2,"minecraft:yellow_carpet":5,"minecraft:axolotl_bucket":1,"minecraft:granite":3,"minecraft:allay_spawn_egg":1,"minecraft:lava_bucket":21,"minecraft:birch_sapling":1,"minecraft:spawner":1,"minecraft:iron_helmet":1,"minecraft:iron_boots":2,"minecraft:bow":5,"minecraft:oak_sapling":7,"minecraft:enchanted_golden_apple":3,"minecraft:water_bucket":17,"minecraft:end_rod":3,"minecraft:stone_pickaxe":38,"minecraft:oak_planks":30,"minecraft:cartography_table":2,"minecraft:ender_pearl":9,"minecraft:birch_boat":4,"minecraft:wooden_pickaxe":24,"minecraft:composter":1,"minecraft:sheep_spawn_egg":6,"minecraft:crafting_table":6,"minecraft:shears":140,"minecraft:mace":4,"minecraft:bread":10,"minecraft:gravel":2,"minecraft:stone_axe":57,"minecraft:pink_bed":3,"minecraft:cod_spawn_egg":4,"minecraft:cobblestone":3,"minecraft:andesite":2,"minecraft:bucket":34,"minecraft:splash_potion":57},"minecraft:killed":{"minecraft:skeleton":1,"minecraft:pig":2,"minecraft:iron_golem":1,"minecraft:zombie":1,"minecraft:villager":1},"minecraft:custom":{"minecraft:mob_kills":8,"minecraft:animals_bred":1,"minecraft:interact_with_crafting_table":22,"minecraft:bell_ring":5,"minecraft:leave_game":3,"minecraft:damage_resisted":48,"minecraft:time_since_death":13728,"minecraft:sprint_one_cm":174296,"minecraft:walk_one_cm":447969,"minecraft:drop":90,"minecraft:damage_dealt_absorbed":18,"minecraft:talked_to_villager":7,"minecraft:play_time":175379,"minecraft:deaths":21,"minecraft:sneak_time":1750,"minecraft:walk_under_water_one_cm":30340,"minecraft:boat_one_cm":138336,"minecraft:jump":1426,"minecraft:walk_on_water_one_cm":34262,"minecraft:total_world_time":175379,"minecraft:interact_with_furnace":4,"minecraft:interact_with_cartography_table":2,"minecraft:sleep_in_bed":9,"minecraft:time_since_rest":13753,"minecraft:damage_taken":17905,"minecraft:damage_absorbed":172,"minecraft:damage_dealt":2421,"minecraft:swim_one_cm":3606,"minecraft:fly_one_cm":301933,"minecraft:player_kills":2,"minecraft:open_chest":47,"minecraft:crouch_one_cm":6083,"minecraft:fall_one_cm":177987},"minecraft:dropped":{"minecraft:water_bucket":1,"minecraft:stone_hoe":2,"minecraft:bread":16,"minecraft:iron_ingot":7,"minecraft:iron_sword":1,"minecraft:birch_planks":12,"minecraft:wheat_seeds":1,"minecraft:diamond_leggings":1,"minecraft:iron_helmet":2,"minecraft:cobblestone":5,"minecraft:coal":5,"minecraft:cod":1,"minecraft:end_rod":1,"minecraft:lava_bucket":3,"minecraft:mutton":1,"minecraft:diamond_helmet":1,"minecraft:bone_meal":1,"minecraft:iron_axe":1,"minecraft:white_wool":1,"minecraft:bucket":6,"minecraft:stone_axe":2,"minecraft:compass":1,"minecraft:stone_sword":1,"minecraft:raw_copper":1,"minecraft:wheat":63,"minecraft:composter":3,"minecraft:enchanted_golden_apple":63,"minecraft:white_bed":2,"minecraft:lily_of_the_valley":1,"minecraft:diamond_sword":1,"minecraft:cod_spawn_egg":415,"minecraft:tipped_arrow":64,"minecraft:shield":4,"minecraft:diamond_chestplate":1,"minecraft:iron_chestplate":1,"minecraft:andesite":2,"minecraft:yellow_bed":1,"minecraft:diamond_boots":1,"minecraft:arrow":128,"minecraft:bow":1,"minecraft:stone_pickaxe":3,"minecraft:wooden_pickaxe":1,"minecraft:oak_leaves":140,"minecraft:splash_potion":4},"minecraft:picked_up":{"minecraft:iron_chestplate":2,"minecraft:crafting_table":12,"minecraft:wheat":77,"minecraft:azure_bluet":1,"minecraft:lead":2,"minecraft:wooden_pickaxe":1,"minecraft:shield":6,"minecraft:iron_axe":2,"minecraft:raw_copper":3,"minecraft:iron_leggings":3,"minecraft:white_carpet":5,"minecraft:compass":2,"minecraft:cartography_table":4,"minecraft:bucket":5,"minecraft:iron_pickaxe":1,"minecraft:poppy":3,"minecraft:sugar_cane":78,"minecraft:chest":3,"minecraft:birch_sapling":1,"minecraft:iron_boots":2,"minecraft:furnace":3,"minecraft:tipped_arrow":64,"minecraft:stick":8,"minecraft:composter":5,"minecraft:torch":10,"minecraft:porkchop":9,"minecraft:carrot":12,"minecraft:stone_shovel":3,"minecraft:stone_sword":4,"minecraft:arrow":7,"minecraft:rotten_flesh":6,"minecraft:tropical_fish":3,"minecraft:shears":2,"minecraft:hay_block":64,"minecraft:end_rod":3,"minecraft:mutton":2,"minecraft:cod":23,"minecraft:cobblestone":55,"minecraft:white_wool":11,"minecraft:oxeye_daisy":1,"minecraft:birch_log":18,"minecraft:cod_spawn_egg":640,"minecraft:water_bucket":1,"minecraft:andesite":7,"minecraft:birch_planks":26,"minecraft:oak_log":20,"minecraft:yellow_bed":1,"minecraft:dirt":88,"minecraft:bow":3,"minecraft:wheat_seeds":14,"minecraft:stone_pickaxe":3,"minecraft:iron_ingot":39,"minecraft:oak_planks":55,"minecraft:iron_sword":2,"minecraft:stone_hoe":6,"minecraft:oak_slab":4,"minecraft:pink_bed":3,"minecraft:birch_boat":4,"minecraft:dandelion":5,"minecraft:lava_bucket":1,"minecraft:gravel":2,"minecraft:white_bed":5,"minecraft:lily_of_the_valley":2,"minecraft:yellow_carpet":6,"minecraft:stone_axe":5,"minecraft:iron_helmet":2,"minecraft:granite":7,"minecraft:bone_meal":4,"minecraft:bread":140,"minecraft:oak_sapling":9,"minecraft:black_wool":1,"minecraft:coal":14,"minecraft:oak_leaves":280,"minecraft:sunflower":1},"minecraft:mined":{"minecraft:white_bed":3,"minecraft:pink_bed":3,"minecraft:granite":4,"minecraft:grass_block":63,"minecraft:yellow_carpet":1,"minecraft:oxeye_daisy":1,"minecraft:cartography_table":4,"minecraft:composter":2,"minecraft:hay_block":64,"minecraft:furnace":1,"minecraft:andesite":3,"minecraft:azure_bluet":1,"minecraft:dirt_path":5,"minecraft:stone":27,"minecraft:glass_pane":4,"minecraft:dandelion":2,"minecraft:crafting_table":7,"minecraft:torch":1,"minecraft:short_grass":51,"minecraft:poppy":3,"minecraft:chest":2,"minecraft:tall_grass":2,"minecraft:cobblestone":4,"minecraft:oak_planks":11,"minecraft:sugar_cane":4,"minecraft:wall_torch":1,"minecraft:birch_log":18,"minecraft:wheat":2,"minecraft:white_carpet":3,"minecraft:yellow_bed":1,"minecraft:oak_log":11,"minecraft:coal_ore":8,"minecraft:end_rod":2,"minecraft:gravel":6,"minecraft:dirt":34,"minecraft:oak_leaves":146}},"DataVersion":3953}