{"stats":{"minecraft:killed_by":{"minecraft:player":3,"minecraft:iron_golem":1,"minecraft:skeleton":2},"minecraft:crafted":{"minecraft:oak_planks":44,"minecraft:stone_shovel":7,"minecraft:birch_boat":1,"minecraft:iron_boots":1,"minecraft:stone_pickaxe":4,"minecraft:chest":1,"minecraft:stone_hoe":2,"minecraft:wheat":576,"minecraft:crafting_table":1,"minecraft:wooden_pickaxe":1,"minecraft:iron_helmet":1,"minecraft:bucket":1,"minecraft:birch_planks":72,"minecraft:stone_axe":1,"minecraft:bread":138,"minecraft:shield":1,"minecraft:stick":32,"minecraft:stone_sword":1,"minecraft:iron_shovel":1,"minecraft:iron_leggings":1,"minecraft:torch":12,"minecraft:shears":1},"minecraft:used":{"minecraft:stone_sword":36,"minecraft:stone_shovel":47,"minecraft:chest":2,"minecraft:stone_hoe":82,"minecraft:torch":9,"minecraft:dirt":35,"minecraft:white_carpet":1,"minecraft:yellow_carpet":4,"minecraft:axolotl_bucket":1,"minecraft:granite":3,"minecraft:allay_spawn_egg":1,"minecraft:lava_bucket":11,"minecraft:birch_sapling":1,"minecraft:spawner":1,"minecraft:iron_helmet":1,"minecraft:iron_boots":2,"minecraft:bow":1,"minecraft:oak_sapling":7,"minecraft:water_bucket":10,"minecraft:end_rod":3,"minecraft:stone_pickaxe":38,"minecraft:oak_planks":30,"minecraft:cartography_table":2,"minecraft:birch_boat":4,"minecraft:wooden_pickaxe":24,"minecraft:composter":1,"minecraft:sheep_spawn_egg":6,"minecraft:crafting_table":6,"minecraft:shears":140,"minecraft:bread":8,"minecraft:gravel":2,"minecraft:stone_axe":57,"minecraft:pink_bed":3,"minecraft:cod_spawn_egg":4,"minecraft:cobblestone":3,"minecraft:andesite":2,"minecraft:bucket":21},"minecraft:killed":{"minecraft:skeleton":1,"minecraft:pig":2,"minecraft:iron_golem":1,"minecraft:zombie":1,"minecraft:villager":1},"minecraft:custom":{"minecraft:mob_kills":8,"minecraft:animals_bred":1,"minecraft:interact_with_crafting_table":20,"minecraft:bell_ring":5,"minecraft:leave_game":3,"minecraft:time_since_death":7295,"minecraft:sprint_one_cm":151239,"minecraft:walk_one_cm":415530,"minecraft:drop":53,"minecraft:talked_to_villager":7,"minecraft:play_time":151379,"minecraft:deaths":19,"minecraft:sneak_time":1750,"minecraft:walk_under_water_one_cm":30008,"minecraft:boat_one_cm":138336,"minecraft:jump":1266,"minecraft:walk_on_water_one_cm":31576,"minecraft:total_world_time":151379,"minecraft:interact_with_furnace":4,"minecraft:interact_with_cartography_table":2,"minecraft:sleep_in_bed":8,"minecraft:time_since_rest":7320,"minecraft:damage_taken":17162,"minecraft:damage_dealt":2183,"minecraft:swim_one_cm":3606,"minecraft:fly_one_cm":259702,"minecraft:open_chest":42,"minecraft:crouch_one_cm":6083,"minecraft:fall_one_cm":175504},"minecraft:dropped":{"minecraft:stone_hoe":1,"minecraft:bread":16,"minecraft:iron_ingot":3,"minecraft:iron_sword":1,"minecraft:birch_planks":12,"minecraft:wheat_seeds":1,"minecraft:iron_helmet":2,"minecraft:cobblestone":1,"minecraft:coal":5,"minecraft:cod":1,"minecraft:end_rod":1,"minecraft:lava_bucket":2,"minecraft:mutton":1,"minecraft:bone_meal":1,"minecraft:white_wool":1,"minecraft:bucket":4,"minecraft:stone_axe":2,"minecraft:compass":1,"minecraft:stone_sword":1,"minecraft:raw_copper":1,"minecraft:wheat":63,"minecraft:composter":3,"minecraft:white_bed":2,"minecraft:lily_of_the_valley":1,"minecraft:cod_spawn_egg":415,"minecraft:shield":2,"minecraft:iron_chestplate":1,"minecraft:andesite":2,"minecraft:yellow_bed":1,"minecraft:stone_pickaxe":3,"minecraft:wooden_pickaxe":1,"minecraft:oak_leaves":140},"minecraft:picked_up":{"minecraft:iron_chestplate":1,"minecraft:crafting_table":12,"minecraft:wheat":77,"minecraft:wooden_pickaxe":1,"minecraft:shield":4,"minecraft:raw_copper":3,"minecraft:white_carpet":4,"minecraft:compass":2,"minecraft:cartography_table":4,"minecraft:bucket":4,"minecraft:poppy":3,"minecraft:sugar_cane":14,"minecraft:chest":3,"minecraft:birch_sapling":1,"minecraft:iron_boots":2,"minecraft:furnace":3,"minecraft:stick":8,"minecraft:composter":5,"minecraft:torch":10,"minecraft:porkchop":9,"minecraft:carrot":8,"minecraft:stone_shovel":3,"minecraft:stone_sword":4,"minecraft:arrow":3,"minecraft:rotten_flesh":4,"minecraft:tropical_fish":3,"minecraft:shears":2,"minecraft:hay_block":64,"minecraft:end_rod":3,"minecraft:mutton":2,"minecraft:cod":23,"minecraft:cobblestone":50,"minecraft:white_wool":11,"minecraft:birch_log":18,"minecraft:cod_spawn_egg":640,"minecraft:water_bucket":1,"minecraft:andesite":7,"minecraft:birch_planks":26,"minecraft:oak_log":20,"minecraft:yellow_bed":1,"minecraft:dirt":60,"minecraft:bow":3,"minecraft:wheat_seeds":6,"minecraft:stone_pickaxe":2,"minecraft:iron_ingot":17,"minecraft:oak_planks":28,"minecraft:iron_sword":1,"minecraft:stone_hoe":4,"minecraft:oak_slab":4,"minecraft:pink_bed":3,"minecraft:birch_boat":4,"minecraft:dandelion":1,"minecraft:lava_bucket":1,"minecraft:gravel":2,"minecraft:white_bed":3,"minecraft:lily_of_the_valley":2,"minecraft:yellow_carpet":5,"minecraft:stone_axe":5,"minecraft:iron_helmet":1,"minecraft:granite":7,"minecraft:bone_meal":1,"minecraft:bread":63,"minecraft:oak_sapling":9,"minecraft:black_wool":1,"minecraft:coal":14,"minecraft:oak_leaves":280},"minecraft:mined":{"minecraft:white_bed":3,"minecraft:pink_bed":3,"minecraft:granite":4,"minecraft:grass_block":32,"minecraft:yellow_carpet":1,"minecraft:cartography_table":4,"minecraft:composter":2,"minecraft:hay_block":64,"minecraft:furnace":1,"minecraft:andesite":3,"minecraft:dirt_path":4,"minecraft:stone":27,"minecraft:glass_pane":4,"minecraft:crafting_table":7,"minecraft:torch":1,"minecraft:short_grass":19,"minecraft:poppy":2,"minecraft:chest":2,"minecraft:cobblestone":4,"minecraft:oak_planks":11,"minecraft:sugar_cane":4,"minecraft:wall_torch":1,"minecraft:birch_log":18,"minecraft:wheat":2,"minecraft:white_carpet":3,"minecraft:yellow_bed":1,"minecraft:oak_log":11,"minecraft:coal_ore":8,"minecraft:end_rod":2,"minecraft:gravel":6,"minecraft:dirt":29,"minecraft:oak_leaves":146}},"DataVersion":3953}