{"stats":{"minecraft:dropped":{"minecraft:wheat_seeds":1,"minecraft:white_wool":1},"minecraft:picked_up":{"minecraft:crafting_table":3,"minecraft:wheat_seeds":1,"minecraft:gravel":2,"minecraft:porkchop":4,"minecraft:white_wool":1,"minecraft:birch_sapling":1,"minecraft:dirt":2},"minecraft:used":{"minecraft:dirt":1,"minecraft:crafting_table":3,"minecraft:birch_sapling":1,"minecraft:gravel":2},"minecraft:mined":{"minecraft:short_grass":1,"minecraft:grass_block":1,"minecraft:dirt":1,"minecraft:gravel":6,"minecraft:crafting_table":4},"minecraft:custom":{"minecraft:time_since_rest":1509,"minecraft:crouch_one_cm":385,"minecraft:sprint_one_cm":2611,"minecraft:play_time":11982,"minecraft:walk_one_cm":32858,"minecraft:damage_taken":355,"minecraft:deaths":2,"minecraft:sneak_time":445,"minecraft:walk_under_water_one_cm":4109,"minecraft:mob_kills":2,"minecraft:drop":2,"minecraft:jump":165,"minecraft:damage_dealt":306,"minecraft:time_since_death":1488,"minecraft:walk_on_water_one_cm":3186,"minecraft:total_world_time":11982,"minecraft:swim_one_cm":3606,"minecraft:fly_one_cm":10043,"minecraft:fall_one_cm":894,"minecraft:interact_with_crafting_table":4},"minecraft:killed_by":{"minecraft:player":1},"minecraft:killed":{"minecraft:pig":2}},"DataVersion":3953}