{"stats":{"minecraft:crafted":{"minecraft:stone_shovel":1,"minecraft:crafting_table":1,"minecraft:wooden_pickaxe":1,"minecraft:birch_boat":1,"minecraft:birch_planks":44,"minecraft:stone_axe":1,"minecraft:shield":1,"minecraft:stick":20,"minecraft:stone_pickaxe":1,"minecraft:stone_sword":1,"minecraft:torch":12,"minecraft:stone_hoe":1},"minecraft:dropped":{"minecraft:iron_ingot":3,"minecraft:stone_axe":1,"minecraft:birch_planks":11,"minecraft:wheat_seeds":1,"minecraft:coal":5,"minecraft:shield":1,"minecraft:wooden_pickaxe":1,"minecraft:white_wool":1},"minecraft:picked_up":{"minecraft:birch_log":18,"minecraft:crafting_table":7,"minecraft:andesite":5,"minecraft:wooden_pickaxe":1,"minecraft:birch_planks":26,"minecraft:shield":1,"minecraft:dirt":18,"minecraft:raw_copper":2,"minecraft:bow":1,"minecraft:wheat_seeds":1,"minecraft:iron_ingot":7,"minecraft:stone_pickaxe":1,"minecraft:sugar_cane":14,"minecraft:birch_sapling":1,"minecraft:stone_hoe":1,"minecraft:furnace":1,"minecraft:pink_bed":2,"minecraft:birch_boat":2,"minecraft:torch":2,"minecraft:gravel":2,"minecraft:porkchop":4,"minecraft:stone_sword":1,"minecraft:arrow":1,"minecraft:rotten_flesh":4,"minecraft:stone_shovel":1,"minecraft:stone_axe":2,"minecraft:granite":7,"minecraft:coal":14,"minecraft:white_wool":1,"minecraft:cobblestone":47},"minecraft:used":{"minecraft:stone_sword":7,"minecraft:stone_pickaxe":36,"minecraft:wooden_pickaxe":24,"minecraft:birch_boat":2,"minecraft:torch":9,"minecraft:dirt":1,"minecraft:crafting_table":5,"minecraft:granite":3,"minecraft:birch_sapling":1,"minecraft:gravel":2,"minecraft:stone_axe":26,"minecraft:pink_bed":1,"minecraft:cobblestone":3,"minecraft:andesite":2},"minecraft:mined":{"minecraft:pink_bed":2,"minecraft:crafting_table":6,"minecraft:torch":1,"minecraft:granite":4,"minecraft:short_grass":1,"minecraft:grass_block":4,"minecraft:cobblestone":3,"minecraft:sugar_cane":4,"minecraft:wall_torch":1,"minecraft:furnace":1,"minecraft:birch_log":18,"minecraft:andesite":3,"minecraft:coal_ore":8,"minecraft:gravel":6,"minecraft:dirt":8,"minecraft:stone":27},"minecraft:custom":{"minecraft:interact_with_furnace":2,"minecraft:mob_kills":5,"minecraft:interact_with_crafting_table":10,"minecraft:time_since_death":16122,"minecraft:sleep_in_bed":1,"minecraft:time_since_rest":16150,"minecraft:sprint_one_cm":14190,"minecraft:damage_taken":800,"minecraft:walk_one_cm":108136,"minecraft:drop":8,"minecraft:damage_dealt":810,"minecraft:swim_one_cm":3606,"minecraft:fly_one_cm":21854,"minecraft:crouch_one_cm":704,"minecraft:play_time":41982,"minecraft:deaths":3,"minecraft:sneak_time":486,"minecraft:walk_under_water_one_cm":7999,"minecraft:boat_one_cm":48283,"minecraft:jump":322,"minecraft:walk_on_water_one_cm":9040,"minecraft:total_world_time":41982,"minecraft:fall_one_cm":4465},"minecraft:killed_by":{"minecraft:player":1,"minecraft:skeleton":1},"minecraft:killed":{"minecraft:pig":2,"minecraft:skeleton":1,"minecraft:zombie":1}},"DataVersion":3953}