{"stats":{"minecraft:crafted":{"minecraft:stone_shovel":1,"minecraft:crafting_table":1,"minecraft:wooden_pickaxe":1,"minecraft:birch_boat":1,"minecraft:birch_planks":44,"minecraft:stone_axe":1,"minecraft:stick":20,"minecraft:stone_pickaxe":1,"minecraft:stone_sword":1,"minecraft:torch":12,"minecraft:stone_hoe":1},"minecraft:dropped":{"minecraft:stone_axe":1,"minecraft:birch_planks":11,"minecraft:wheat_seeds":1,"minecraft:coal":5,"minecraft:wooden_pickaxe":1,"minecraft:white_wool":1},"minecraft:picked_up":{"minecraft:birch_log":11,"minecraft:crafting_table":6,"minecraft:andesite":4,"minecraft:wooden_pickaxe":1,"minecraft:birch_planks":26,"minecraft:dirt":18,"minecraft:raw_copper":2,"minecraft:bow":1,"minecraft:wheat_seeds":1,"minecraft:iron_ingot":1,"minecraft:stone_pickaxe":1,"minecraft:sugar_cane":14,"minecraft:birch_sapling":1,"minecraft:stone_hoe":1,"minecraft:pink_bed":2,"minecraft:birch_boat":2,"minecraft:torch":1,"minecraft:gravel":2,"minecraft:porkchop":4,"minecraft:stone_sword":1,"minecraft:arrow":1,"minecraft:rotten_flesh":4,"minecraft:stone_shovel":1,"minecraft:stone_axe":2,"minecraft:granite":6,"minecraft:coal":10,"minecraft:white_wool":1,"minecraft:cobblestone":45},"minecraft:used":{"minecraft:stone_sword":7,"minecraft:stone_pickaxe":32,"minecraft:wooden_pickaxe":24,"minecraft:birch_boat":1,"minecraft:torch":9,"minecraft:dirt":1,"minecraft:crafting_table":5,"minecraft:granite":1,"minecraft:birch_sapling":1,"minecraft:gravel":2,"minecraft:stone_axe":17,"minecraft:pink_bed":1,"minecraft:cobblestone":2,"minecraft:andesite":2},"minecraft:mined":{"minecraft:pink_bed":2,"minecraft:crafting_table":5,"minecraft:granite":3,"minecraft:short_grass":1,"minecraft:grass_block":4,"minecraft:cobblestone":2,"minecraft:sugar_cane":4,"minecraft:birch_log":11,"minecraft:andesite":2,"minecraft:coal_ore":8,"minecraft:gravel":6,"minecraft:dirt":8,"minecraft:stone":27},"minecraft:custom":{"minecraft:mob_kills":5,"minecraft:interact_with_crafting_table":9,"minecraft:time_since_death":4122,"minecraft:sleep_in_bed":1,"minecraft:time_since_rest":4150,"minecraft:sprint_one_cm":14190,"minecraft:damage_taken":760,"minecraft:walk_one_cm":102838,"minecraft:drop":6,"minecraft:damage_dealt":758,"minecraft:swim_one_cm":3606,"minecraft:fly_one_cm":21828,"minecraft:crouch_one_cm":689,"minecraft:play_time":29982,"minecraft:deaths":3,"minecraft:sneak_time":483,"minecraft:walk_under_water_one_cm":5902,"minecraft:boat_one_cm":14637,"minecraft:jump":290,"minecraft:walk_on_water_one_cm":6526,"minecraft:total_world_time":29982,"minecraft:fall_one_cm":4465},"minecraft:killed_by":{"minecraft:player":1,"minecraft:skeleton":1},"minecraft:killed":{"minecraft:pig":2,"minecraft:skeleton":1,"minecraft:zombie":1}},"DataVersion":3953}